<?xml version="1.0" encoding="UTF-8" standalone="no" ?>
<SimscapeMultibodyImportXML version="2.0" xmlns="urn:mathworks:SimscapeMultibody:import" xmlns:xsi="http://www.w3.org/2001/XMLSchema-instance">
<Created by="" on="07/29/22||22:32:22" using="Simscape Multibody Link Version 7.4" from="SolidWorks 30.1.0"/>
<ModelUnits mass="kilogram" length="millimeter"/>
<DataUnits mass="kilogram" length="meter"/>
<RootAssembly name="Final_Assem" uid="Final_Assem" version="180">
<AssemblyFile name="Final_Assem.SLDASM" type="SolidWorks Assembly"/>
<InstanceTree>
<Instance name="Link2-1" uid="Link2-1" entityUid="Link2*:*Default">
<Transform>
<Rotation>-0.85938576644968789 -0.38809501659724027 0.33292395905982802 -0.41157378771704606 0.91137644102985449 9.7236671839362465e-16 -0.30341905294151539 -0.13702277485200734 -0.94295367727366641</Rotation>
<Translation>0.09425965279887967 0.37230437704628971 0.18169353065672617</Translation>
</Transform>
</Instance>
<Instance name="3tai-1" uid="3tai-1" entityUid="3tai*:*Default">
<Transform>
<Rotation>0.9429536772736663 0 -0.33292395905982824 0 1 0 0.33292395905982824 0 0.9429536772736663</Rotation>
<Translation>0.18380250228588277 0.17587201657539722 0.21861046602237263</Translation>
</Transform>
</Instance>
<Instance name="upper_base-1" uid="upper_base-1" entityUid="upper_base*:*Default">
<Transform>
<Rotation>1 0 0 0 1 0 0 0 1</Rotation>
<Translation>0.099903078637013143 0.20760056367573618 0.16777856469016203</Translation>
</Transform>
</Instance>
<Instance name="Link3-1" uid="Link3-1" entityUid="Link3*:*Default">
<Transform>
<Rotation>-0.93218087040175435 0.33292395905982436 0.1421283305360341 -0.15072673659533881 -4.3893924953075647e-16 -0.98857546544273456 -0.32912045778460369 -0.94295367727366763 0.050180541883487806</Rotation>
<Translation>0.023419147842564998 0.55952517129685453 0.17789217597913812</Translation>
</Transform>
</Instance>
<Instance name="surface_bellbearing-1" uid="surface_bellbearing-1" entityUid="surface_bellbearing*:*Default">
<Transform>
<Rotation>-1 0 0 0 0 1 0 1 0</Rotation>
<Translation>0.099903078637013143 0.16760056367573614 0.16777856469016206</Translation>
</Transform>
</Instance>
<Instance name="down_base-1" uid="down_base-1" grounded="true" entityUid="down_base*:*Default">
<Transform>
<Rotation>1 0 0 0 1 0 0 0 1</Rotation>
<Translation>0.099903078637029324 0.097600563675736204 0.16777856469016203</Translation>
</Transform>
</Instance>
</InstanceTree>
<Constraints>
<Concentric name="Concentric3">
<ConstraintGeometry geomType="circle">
<InstancePath>
<Uid>down_base-1</Uid>
</InstancePath>
<Position>0 0.009999999999999995 -0.095000000000000001</Position>
<Axis>0 1 0</Axis>
</ConstraintGeometry>
<ConstraintGeometry geomType="circle">
<InstancePath>
<Uid>upper_base-1</Uid>
</InstancePath>
<Position>1.6167622796103842e-14 0 -0.095000000000000001</Position>
<Axis>0 -1 0</Axis>
</ConstraintGeometry>
</Concentric>
<Distance name="Distance1">
<ConstraintGeometry geomType="plane">
<InstancePath>
<Uid>upper_base-1</Uid>
</InstancePath>
<Position>0 0 0</Position>
<Axis>0 -1 0</Axis>
</ConstraintGeometry>
<ConstraintGeometry geomType="plane">
<InstancePath>
<Uid>down_base-1</Uid>
</InstancePath>
<Position>0 0.009999999999999995 0</Position>
<Axis>0 1 0</Axis>
</ConstraintGeometry>
</Distance>
<Coincident name="Coincident8">
<ConstraintGeometry geomType="circle">
<InstancePath>
<Uid>upper_base-1</Uid>
</InstancePath>
<Position>-0.032000000000000001 0 0.017500000000000016</Position>
<Axis>0 -1 0</Axis>
</ConstraintGeometry>
<ConstraintGeometry geomType="circle">
<InstancePath>
<Uid>surface_bellbearing-1</Uid>
</InstancePath>
<Position>0.032000000000000001 0.017500000000000016 0.03999999999999998</Position>
<Axis>0 0 -1</Axis>
</ConstraintGeometry>
</Coincident>
<Concentric name="Concentric6">
<ConstraintGeometry geomType="circle">
<InstancePath>
<Uid>upper_base-1</Uid>
</InstancePath>
<Position>0.032000000000000001 0 -0.017499999999999988</Position>
<Axis>0 -1 0</Axis>
</ConstraintGeometry>
<ConstraintGeometry geomType="circle">
<InstancePath>
<Uid>surface_bellbearing-1</Uid>
</InstancePath>
<Position>-0.032000000000000015 -0.017500000000000016 0.035000000000000003</Position>
<Axis>0 0 -1</Axis>
</ConstraintGeometry>
</Concentric>
<Concentric name="Concentric7">
<ConstraintGeometry geomType="circle">
<InstancePath>
<Uid>upper_base-1</Uid>
</InstancePath>
<Position>0 0.010000000000000009 0</Position>
<Axis>0 -1 0</Axis>
</ConstraintGeometry>
<ConstraintGeometry geomType="circle">
<InstancePath>
<Uid>3tai-1</Uid>
</InstancePath>
<Position>-0.096036427888896464 0.046728547100338996 -0.020000000000000004</Position>
<Axis>0 1 0</Axis>
</ConstraintGeometry>
</Concentric>
<Distance name="Distance2">
<ConstraintGeometry geomType="plane">
<InstancePath>
<Uid>upper_base-1</Uid>
</InstancePath>
<Position>0 0.010000000000000009 0</Position>
<Axis>0 1 0</Axis>
</ConstraintGeometry>
<ConstraintGeometry geomType="plane">
<InstancePath>
<Uid>3tai-1</Uid>
</InstancePath>
<Position>-0.096036427888896464 0.046728547100338996 -0.020000000000000004</Position>
<Axis>0 -1 0</Axis>
</ConstraintGeometry>
</Distance>
<Concentric name="Concentric8">
<ConstraintGeometry geomType="cylinder">
<InstancePath>
<Uid>3tai-1</Uid>
</InstancePath>
<Position>-0.079486427888896483 0.15825914679223271 -0.050000000000000003</Position>
<Axis>0 0 1</Axis>
</ConstraintGeometry>
<ConstraintGeometry geomType="circle">
<InstancePath>
<Uid>Link2-1</Uid>
</InstancePath>
<Position>0 -0.041885232007447537 0.029999999999999999</Position>
<Axis>0 0 1.0000000000000002</Axis>
</ConstraintGeometry>
</Concentric>
<Distance name="Distance3">
<ConstraintGeometry geomType="plane">
<InstancePath>
<Uid>Link2-1</Uid>
</InstancePath>
<Position>0 0 0.029999999999999999</Position>
<Axis>0 0 1.0000000000000002</Axis>
</ConstraintGeometry>
<ConstraintGeometry geomType="plane">
<InstancePath>
<Uid>3tai-1</Uid>
</InstancePath>
<Position>-0.079486427888896483 0.15825914679223271 -0.040000000000000008</Position>
<Axis>0 0 1</Axis>
</ConstraintGeometry>
</Distance>
<Concentric name="Concentric9">
<ConstraintGeometry geomType="circle">
<InstancePath>
<Uid>Link2-1</Uid>
</InstancePath>
<Position>0 0.16511476799255242 0</Position>
<Axis>0 0 1.0000000000000002</Axis>
</ConstraintGeometry>
<ConstraintGeometry geomType="circle">
<InstancePath>
<Uid>Link3-1</Uid>
</InstancePath>
<Position>0.0054308295697647058 0.010000000000000009 0.036335631091038767</Position>
<Axis>-1.1102230246251565e-16 0.99999999999999989 1.1796119636642288e-16</Axis>
</ConstraintGeometry>
</Concentric>
<Distance name="Distance4">
<ConstraintGeometry geomType="plane">
<InstancePath>
<Uid>Link3-1</Uid>
</InstancePath>
<Position>0.005430829569764678 0.0099999999999999811 -0.063664368908961211</Position>
<Axis>-1.1102230246251565e-16 0.99999999999999989 1.1796119636642288e-16</Axis>
</ConstraintGeometry>
<ConstraintGeometry geomType="plane">
<InstancePath>
<Uid>Link2-1</Uid>
</InstancePath>
<Position>0 0 0</Position>
<Axis>0 0 -1.0000000000000002</Axis>
</ConstraintGeometry>
</Distance>
<Concentric name="Concentric10">
<ConstraintGeometry geomType="circle">
<InstancePath>
<Uid>down_base-1</Uid>
</InstancePath>
<Position>1.6167622796103842e-14 0.009999999999999995 0.095000000000000001</Position>
<Axis>0 1 0</Axis>
</ConstraintGeometry>
<ConstraintGeometry geomType="circle">
<InstancePath>
<Uid>upper_base-1</Uid>
</InstancePath>
<Position>0 0 0.095000000000000001</Position>
<Axis>0 -1 0</Axis>
</ConstraintGeometry>
</Concentric>
<Coincident name="Coincident9">
<ConstraintGeometry geomType="plane">
<InstancePath>
<Uid>upper_base-1</Uid>
</InstancePath>
<Position>0 0 0</Position>
<Axis>0 -1 0</Axis>
</ConstraintGeometry>
<ConstraintGeometry geomType="plane">
<InstancePath>
<Uid>surface_bellbearing-1</Uid>
</InstancePath>
<Position>0 0 0.040000000000000008</Position>
<Axis>0 0 1</Axis>
</ConstraintGeometry>
</Coincident>
</Constraints>
</RootAssembly>
<Assemblies>
</Assemblies>
<Parts>
<Part name="3tai" uid="3tai*:*Default" version="293">
<ModelUnits mass="kilogram" length="millimeter"/>
<PartFile name="3tai.SLDPRT" type="SolidWorks Part"/>
<MassProperties>
<Mass>0.2133476100383058</Mass>
<CenterOfMass>-0.093924548074421826 0.092557849027200378 -0.018892244259937328</CenterOfMass>
<Inertia>0.00050906847257621145 0.00026155052222396398 0.00050024292426122433 -1.3138059773125843e-05 -3.3800544209258734e-06 -4.8115880858615299e-05</Inertia>
</MassProperties>
<GeometryFile name="3tai_Default_sldprt.STEP" type="STEP"/>
<VisualProperties>
<Ambient r="0.792156862745098" g="0.81960784313725488" b="0.93333333333333335" a="1"/>
<Diffuse r="0.792156862745098" g="0.81960784313725488" b="0.93333333333333335" a="1"/>
<Specular r="0.396078431372549" g="0.40980392156862744" b="0.46666666666666667" a="1"/>
<Emissive r="0" g="0" b="0" a="1"/>
<Shininess>0.3125</Shininess>
</VisualProperties>
</Part>
<Part name="Link2" uid="Link2*:*Default" version="168">
<ModelUnits mass="kilogram" length="millimeter"/>
<PartFile name="Link2.SLDPRT" type="SolidWorks Part"/>
<MassProperties>
<Mass>0.091493029156253597</Mass>
<CenterOfMass>0 0.072804879914664014 0.013845470197330033</CenterOfMass>
<Inertia>0.00068375641157242858 1.8813148048302853e-05 0.00068377366458241844 8.758195691530805e-06 0 0</Inertia>
</MassProperties>
<GeometryFile name="Link2_Default_sldprt.STEP" type="STEP"/>
<VisualProperties>
<Ambient r="0.792156862745098" g="0.81960784313725488" b="0.93333333333333335" a="1"/>
<Diffuse r="0.792156862745098" g="0.81960784313725488" b="0.93333333333333335" a="1"/>
<Specular r="0.396078431372549" g="0.40980392156862744" b="0.46666666666666667" a="1"/>
<Emissive r="0" g="0" b="0" a="1"/>
<Shininess>0.3125</Shininess>
</VisualProperties>
</Part>
<Part name="Link3" uid="Link3*:*Default" version="287">
<ModelUnits mass="kilogram" length="millimeter"/>
<PartFile name="Link3.SLDPRT" type="SolidWorks Part"/>
<MassProperties>
<Mass>0.012973996182490765</Mass>
<CenterOfMass>0.0054308295697647162 0.0049999999999999992 -0.012850040036795008</CenterOfMass>
<Inertia>1.3654657275998609e-05 1.3824929742082983e-05 3.8650573579255377e-07 0 0 0</Inertia>
</MassProperties>
<GeometryFile name="Link3_Default_sldprt.STEP" type="STEP"/>
<VisualProperties>
<Ambient r="0.792156862745098" g="0.81960784313725488" b="0.93333333333333335" a="1"/>
<Diffuse r="0.792156862745098" g="0.81960784313725488" b="0.93333333333333335" a="1"/>
<Specular r="0.396078431372549" g="0.40980392156862744" b="0.46666666666666667" a="1"/>
<Emissive r="0" g="0" b="0" a="1"/>
<Shininess>0.3125</Shininess>
</VisualProperties>
</Part>
<Part name="down_base" uid="down_base*:*Default" version="191">
<ModelUnits mass="kilogram" length="millimeter"/>
<PartFile name="down_base.SLDPRT" type="SolidWorks Part"/>
<MassProperties>
<Mass>0.37423280008090754</Mass>
<CenterOfMass>5.7831976181289973e-16 0.0050234717348601006 -4.732543107258221e-05</CenterOfMass>
<Inertia>0.0011329266995370691 0.0022608024944827556 0.0011341243077913632 -2.5532734791661853e-08 0 0</Inertia>
</MassProperties>
<GeometryFile name="down_base_Default_sldprt.STEP" type="STEP"/>
<VisualProperties>
<Ambient r="0.792156862745098" g="0.81960784313725488" b="0.93333333333333335" a="1"/>
<Diffuse r="0.792156862745098" g="0.81960784313725488" b="0.93333333333333335" a="1"/>
<Specular r="0.396078431372549" g="0.40980392156862744" b="0.46666666666666667" a="1"/>
<Emissive r="0" g="0" b="0" a="1"/>
<Shininess>0.3125</Shininess>
</VisualProperties>
</Part>
<Part name="surface_bellbearing" uid="surface_bellbearing*:*Default" version="205">
<ModelUnits mass="kilogram" length="millimeter"/>
<PartFile name="surface_bellbearing.SLDPRT" type="SolidWorks Part"/>
<MassProperties>
<Mass>0.10891464639517043</Mass>
<CenterOfMass>0 0 0.020795134292322454</CenterOfMass>
<Inertia>4.0221125765367128e-05 4.3909535515197991e-05 5.4464449011166375e-05 0 0 0</Inertia>
</MassProperties>
<GeometryFile name="surface_bellbearing_Default_sldprt.STEP" type="STEP"/>
<VisualProperties>
<Ambient r="0.792156862745098" g="0.81960784313725488" b="0.93333333333333335" a="1"/>
<Diffuse r="0.792156862745098" g="0.81960784313725488" b="0.93333333333333335" a="1"/>
<Specular r="0.396078431372549" g="0.40980392156862744" b="0.46666666666666667" a="1"/>
<Emissive r="0" g="0" b="0" a="1"/>
<Shininess>0.3125</Shininess>
</VisualProperties>
</Part>
<Part name="upper_base" uid="upper_base*:*Default" version="211">
<ModelUnits mass="kilogram" length="millimeter"/>
<PartFile name="upper_base.SLDPRT" type="SolidWorks Part"/>
<MassProperties>
<Mass>0.37672251225888503</Mass>
<CenterOfMass>0 0.0050074302940845347 9.9704109705868846e-16</CenterOfMass>
<Inertia>0.0011483115578596794 0.0022899799360664498 0.001147950777359341 0 0 0</Inertia>
</MassProperties>
<GeometryFile name="upper_base_Default_sldprt.STEP" type="STEP"/>
<VisualProperties>
<Ambient r="0.792156862745098" g="0.81960784313725488" b="0.93333333333333335" a="1"/>
<Diffuse r="0.792156862745098" g="0.81960784313725488" b="0.93333333333333335" a="1"/>
<Specular r="0.396078431372549" g="0.40980392156862744" b="0.46666666666666667" a="1"/>
<Emissive r="0" g="0" b="0" a="1"/>
<Shininess>0.3125</Shininess>
</VisualProperties>
</Part>
</Parts>
</SimscapeMultibodyImportXML>
